{"test": [0.8878365762066096, 0.8882840049918741, 0.872311650775373, 0.963793964125216, 0.936618132982403], "test_average": 0.9097688658162951, "train": [5.327787496382371, 5.363989025121555, 5.449707448016852, 5.447311084950343, 5.207283712225035], "train_average": 5.359215753339231, "testset_same_acc": [[true, 0.098, 0.098], [true, 0.9889, 0.9889], [true, 0.9873, 0.9873], [true, 0.9893, 0.9893], [true, 0.9855, 0.9855]], "trainset_same_acc": [[true, 0.09871666666666666, 0.09871666666666666], [true, 0.9974166666666666, 0.9974166666666666], [true, 0.9973666666666666, 0.9973666666666666], [true, 0.9965833333333334, 0.9965833333333334], [true, 0.9971166666666667, 0.9971166666666667]], "test_acc_stable": [true, true, true, true, true], "train_acc_stable": [true, true, true, true, true]}