{"test": [0.5957386810332537, 0.5894643364008516, 0.589990773703903, 0.5903893189970404, 0.5930008287541568], "test_average": 0.5917167877778411, "train": [3.5918767836410552, 3.549203693633899, 3.548584687523544, 3.557951289927587, 3.555612290976569], "train_average": 3.560645749140531, "testset_same_acc": [[true, 0.9877, 0.9877], [true, 0.9889, 0.9889], [true, 0.9873, 0.9873], [true, 0.9893, 0.9893], [true, 0.9855, 0.9855]], "trainset_same_acc": [[true, 0.99725, 0.99725], [true, 0.9974166666666666, 0.9974166666666666], [true, 0.9973666666666666, 0.9973666666666666], [true, 0.9965833333333334, 0.9965833333333334], [true, 0.9971166666666667, 0.9971166666666667]], "test_acc_stable": [true, true, true, true, true], "train_acc_stable": [true, true, true, true, true]}