{"test": [0.5908490531146526, 0.5928990393877029, 0.5929309320636094, 0.5968922453466803, 0.5946764000691473], "test_average": 0.5936495339963586, "train": [3.558666923781857, 3.5750483700539917, 3.5684866851661354, 3.5701876869425178, 3.578908971277997], "train_average": 3.5702597274445, "testset_same_acc": [[true, 0.9877, 0.9877], [true, 0.9889, 0.9889], [true, 0.9873, 0.9873], [true, 0.9893, 0.9893], [true, 0.9855, 0.9855]], "trainset_same_acc": [[true, 0.99725, 0.99725], [true, 0.9974166666666666, 0.9974166666666666], [true, 0.9973666666666666, 0.9973666666666666], [true, 0.9965833333333334, 0.9965833333333334], [true, 0.9971166666666667, 0.9971166666666667]], "test_acc_stable": [true, true, true, true, true], "train_acc_stable": [true, true, true, true, true]}