{"test": [0.9866661573760211, 1.1768949599936604, 0.9048424244392663, 0.8536215387284756, 0.9660377709660679], "test_average": 0.9776125703006983, "train": [5.839802403701469, 4.7789807266090065, 5.093166453763843, 5.429783618077636, 4.976738510420546], "train_average": 5.2236943425145, "testset_same_acc": [[true, 0.098, 0.098], [true, 0.9889, 0.9889], [true, 0.9873, 0.9873], [true, 0.9893, 0.9893], [true, 0.9855, 0.9855]], "trainset_same_acc": [[true, 0.09871666666666666, 0.09871666666666666], [true, 0.9974166666666666, 0.9974166666666666], [true, 0.9973666666666666, 0.9973666666666666], [true, 0.9965833333333334, 0.9965833333333334], [true, 0.9971166666666667, 0.9971166666666667]], "test_acc_stable": [true, true, true, true, true], "train_acc_stable": [true, true, true, true, true]}