{"training_time": 942.3983326209709, "total_time": 1789.487191929482, "eval_time": 847.088859308511, "test_acc": 0.9877, "train_acc": 0.99725, "seed": 287426343}