{"training_time": 1031.5691512208432, "total_time": 2048.185827376321, "eval_time": 1016.6166761554778, "test_acc": 0.9889, "train_acc": 0.9974166666666666, "seed": 1850616268}