{"training_time": 1024.9809623826295, "total_time": 2049.090002009645, "eval_time": 1024.1090396270156, "test_acc": 0.9893, "train_acc": 0.9965833333333334, "seed": 1202616822}