{"training_time": 1034.7492888858542, "total_time": 2078.0833506295457, "eval_time": 1043.3340617436916, "test_acc": 0.9873, "train_acc": 0.9973666666666666, "seed": 2068338201}