{"training_time": 1030.7277560820803, "total_time": 2071.926552331075, "eval_time": 1041.1987962489948, "test_acc": 0.9855, "train_acc": 0.9971166666666667, "seed": 868822724}