{"test": [9.966972066089511, 10.048796454910189, 10.07000445551239, 9.9559828331694, 10.013582708314061], "test_average": 10.01106770359911, "train": [49.830875982763246, 49.8439951792825, 49.84196955151856, 49.90830065659247, 50.26147732324898], "train_average": 49.93732373868115, "testset_same_acc": [[true, 0.8485999703407288, 0.8485999703407288], [true, 0.8508999943733215, 0.8508999943733215], [true, 0.8511999845504761, 0.8511999845504761], [true, 0.8478999733924866, 0.8478999733924866], [true, 0.8450999855995178, 0.8450999855995178]], "trainset_same_acc": [[true, 1.0, 1.0], [true, 1.0, 1.0], [true, 1.0, 1.0], [true, 1.0, 1.0], [true, 1.0, 1.0]]}