{"test": [0.8890846518334001, 0.8800312951207161, 0.9153486213181168, 1.0732965029310435, 0.9225044618360698], "test_average": 0.9360531066078692, "train": [4.066910383524373, 4.222556058084592, 4.241314742714167, 4.233210487058386, 4.256927040638402], "train_average": 4.204183742403984, "testset_same_acc": [[true, 0.8485999703407288, 0.8485999703407288], [true, 0.8508999943733215, 0.8508999943733215], [true, 0.8511999845504761, 0.8511999845504761], [true, 0.8478999733924866, 0.8478999733924866], [true, 0.8450999855995178, 0.8450999855995178]], "trainset_same_acc": [[true, 1.0, 1.0], [true, 1.0, 1.0], [true, 1.0, 1.0], [true, 1.0, 1.0], [true, 1.0, 1.0]]}