{"test": [10.179876973386854, 9.959138898178935, 6.982475767377764, 7.695235155289993, 7.618982842890546], "test_average": 8.487141927424819, "train": [50.34924664045684, 49.79027544730343, 37.571880392264575, 37.795431818347424, 37.83700351812877], "train_average": 42.66876756330021, "testset_same_acc": [[true, 0.8485999703407288, 0.8485999703407288], [true, 0.8508999943733215, 0.8508999943733215], [true, 0.8511999845504761, 0.8511999845504761], [true, 0.8478999733924866, 0.8478999733924866], [true, 0.8450999855995178, 0.8450999855995178]], "trainset_same_acc": [[true, 1.0, 1.0], [true, 1.0, 1.0], [true, 1.0, 1.0], [true, 1.0, 1.0], [true, 1.0, 1.0]]}