{"test": [0.8948763639200479, 0.8924701239448041, 0.9015493292827159, 0.9248745832592249, 0.854487931355834], "test_average": 0.8936516663525254, "train": [4.113819224759936, 4.171295803738758, 4.126604507910088, 4.134723593248054, 4.234882178483531], "train_average": 4.156265061628074, "testset_same_acc": [[true, 0.8485999703407288, 0.8485999703407288], [true, 0.8508999943733215, 0.8508999943733215], [true, 0.8511999845504761, 0.8511999845504761], [true, 0.8478999733924866, 0.8478999733924866], [true, 0.8450999855995178, 0.8450999855995178]], "trainset_same_acc": [[true, 1.0, 1.0], [true, 1.0, 1.0], [true, 1.0, 1.0], [true, 1.0, 1.0], [true, 1.0, 1.0]]}