{"training_time": 2008.0814048135653, "total_time": 4328.02723943349, "eval_time": 2319.9458346199244, "test_loss": 1.0878424644470215, "test_acc": 0.8485999703407288, "train_loss": 3.346034986861923e-07, "train_acc": 1.0, "seed": 287426343}