{"training_time": 2396.5089301271364, "total_time": 4639.700633092783, "eval_time": 2243.191702965647, "test_loss": 1.1679106950759888, "test_acc": 0.8478999733924866, "train_loss": 2.6354766191616363e-07, "train_acc": 1.0, "seed": 1202616822}