{"training_time": 2396.6317950161174, "total_time": 4615.285821580328, "eval_time": 2218.6540265642107, "test_loss": 1.1443572044372559, "test_acc": 0.8450999855995178, "train_loss": 3.7946622910567385e-07, "train_acc": 1.0, "seed": 868822724}