{"training_time": 2268.5397482840344, "total_time": 4468.436493994668, "eval_time": 2199.8967457106337, "test_loss": 1.1066226959228516, "test_acc": 0.8508999943733215, "train_loss": 3.623287625487137e-07, "train_acc": 1.0, "seed": 1850616268}