{"training_time": 2356.849294008687, "total_time": 4638.542655923404, "eval_time": 2281.6933619147167, "test_loss": 1.1015405654907227, "test_acc": 0.8511999845504761, "train_loss": 8.329859610967105e-07, "train_acc": 1.0, "seed": 2068338201}