{"test": [14.640493901679292, 14.691708943573758, 14.641905979951844, 14.978545395191759, 14.432907970855013], "test_average": 14.677112438250333, "train": [74.10825086990371, 73.69305969285779, 74.07642892259173, 74.07913582446054, 74.01710021821782], "train_average": 73.99479510560631, "testset_same_acc": [[true, 0.8648, 0.8648], [true, 0.8566, 0.8566], [true, 0.8585, 0.8585], [true, 0.8606, 0.8606], [true, 0.8576, 0.8576]], "trainset_same_acc": [[true, 1.0, 1.0], [true, 1.0, 1.0], [true, 1.0, 1.0], [true, 1.0, 1.0], [true, 1.0, 1.0]], "test_acc_stable": [true, true, true, true, true], "train_acc_stable": [true, true, true, true, true]}