{"test": [1.5174448173493147, 1.515789182158187, 1.520131761673838, 1.5189233319833875, 1.5139678753912449], "test_average": 1.5172513937111944, "train": [7.602879605721682, 7.566707485122606, 7.5878193287644535, 7.572106154169887, 7.620278939139098], "train_average": 7.589958302583545, "testset_same_acc": [[true, 0.8648, 0.8648], [true, 0.8566, 0.8566], [true, 0.8585, 0.8585], [true, 0.8606, 0.8606], [true, 0.8576, 0.8576]], "trainset_same_acc": [[true, 1.0, 1.0], [true, 1.0, 1.0], [true, 1.0, 1.0], [true, 1.0, 1.0], [true, 1.0, 1.0]], "test_acc_stable": [true, true, true, true, true], "train_acc_stable": [true, true, true, true, true]}