{"test": [1.4801660215016454, 1.5441049910150468, 1.4946640452835709, 1.5072934327181429, 1.5323222919832915], "test_average": 1.5117101565003395, "train": [7.393707091687247, 7.432445594808087, 7.541377713670954, 7.569020199589431, 7.56759163341485], "train_average": 7.500828446634114, "testset_same_acc": [[true, 0.8648, 0.8648], [true, 0.8566, 0.8566], [true, 0.8585, 0.8585], [true, 0.8606, 0.8606], [true, 0.8576, 0.8576]], "trainset_same_acc": [[true, 1.0, 1.0], [true, 1.0, 1.0], [true, 1.0, 1.0], [true, 1.0, 1.0], [true, 1.0, 1.0]], "test_acc_stable": [true, true, true, true, true], "train_acc_stable": [true, true, true, true, true]}