{"test": [16.28396111074835, 15.845540445297956, 15.070156789384782, 14.883445853134617, 15.62679511285387], "test_average": 15.541979862283915, "train": [80.07657373510301, 76.70785578875802, 73.27463124203496, 74.89919578423724, 77.12606902746484], "train_average": 76.41686511551961, "testset_same_acc": [[true, 0.8648, 0.8648], [true, 0.8566, 0.8566], [true, 0.8585, 0.8585], [true, 0.8606, 0.8606], [true, 0.8576, 0.8576]], "trainset_same_acc": [[true, 1.0, 1.0], [true, 1.0, 1.0], [true, 1.0, 1.0], [true, 1.0, 1.0], [true, 1.0, 1.0]], "test_acc_stable": [true, true, true, true, true], "train_acc_stable": [true, true, true, true, true]}