{"training_time": 8669.309052888304, "total_time": 18257.09938837029, "eval_time": 9587.790335481986, "test_acc": 0.8648, "train_acc": 1.0, "seed": 287426343}