{"training_time": 8635.603379333392, "total_time": 18227.716826459393, "eval_time": 9592.113447126001, "test_acc": 0.8576, "train_acc": 1.0, "seed": 868822724}