{"training_time": 8628.589873213321, "total_time": 18241.245030768216, "eval_time": 9612.655157554895, "test_acc": 0.8585, "train_acc": 1.0, "seed": 2068338201}