{"test": [56.487408491782844, 74.11361774220131, 75.25763251376338, 74.69874089933, 74.07897349679843], "test_average": 70.9272746287752, "train": [73.72737578372471, 74.40892058354802, 75.29518251423724, 74.34146638191305, 74.55020515993237], "train_average": 74.46463008467109, "testset_same_acc": [[true, 0.8407599925994873, 0.8407599925994873], [true, 0.8513200283050537, 0.8513200283050537], [true, 0.843559980392456, 0.843559980392456], [true, 0.8444399833679199, 0.8444399833679199], [true, 0.8481199741363525, 0.8481199741363525]], "trainset_same_acc": [[true, 0.9997199773788452, 0.9997199773788452], [true, 0.9999600052833557, 0.9999600052833557], [true, 0.9986400008201599, 0.9986400008201599], [true, 0.9999200105667114, 0.9999200105667114], [true, 0.9999200105667114, 0.9999200105667114]]}