{"test": [3.581780305830762, 3.571278885472566, 3.5635320376604795, 3.5805865600705147, 3.571783446474001], "test_average": 3.5737922471016645, "train": [3.5758086524438113, 3.580881715286523, 3.66522961598821, 3.571168967988342, 3.5576457127463073], "train_average": 3.590146932890639, "testset_same_acc": [[true, 0.8407599925994873, 0.8407599925994873], [true, 0.8513200283050537, 0.8513200283050537], [true, 0.843559980392456, 0.843559980392456], [true, 0.8444399833679199, 0.8444399833679199], [true, 0.8481199741363525, 0.8481199741363525]], "trainset_same_acc": [[true, 0.9997199773788452, 0.9997199773788452], [true, 0.9999600052833557, 0.9999600052833557], [true, 0.9986400008201599, 0.9986400008201599], [true, 0.9999200105667114, 0.9999200105667114], [true, 0.9999200105667114, 0.9999200105667114]]}