{"test": [56.617443589959294, 56.51602565823123, 56.42449570540339, 56.39966913382523, 56.39405945385806], "test_average": 56.47033870825544, "train": [56.57303226692602, 56.50484620477073, 56.442795337876305, 56.37264576833695, 56.18556298944168], "train_average": 56.415776513470334, "testset_same_acc": [[true, 0.8407599925994873, 0.8407599925994873], [true, 0.8513200283050537, 0.8513200283050537], [true, 0.843559980392456, 0.843559980392456], [true, 0.8444399833679199, 0.8444399833679199], [true, 0.8481199741363525, 0.8481199741363525]], "trainset_same_acc": [[true, 0.9997199773788452, 0.9997199773788452], [true, 0.9999600052833557, 0.9999600052833557], [true, 0.9986400008201599, 0.9986400008201599], [true, 0.9999200105667114, 0.9999200105667114], [true, 0.9999200105667114, 0.9999200105667114]]}