{"test": [3.5716026162263006, 3.5712127326987684, 3.550483469851315, 3.566987205063924, 3.57107830257155], "test_average": 3.5662728652823716, "train": [3.5636458015069366, 3.564196709776297, 3.5730959430802613, 3.583834445802495, 3.5830004198942333], "train_average": 3.5735546640120446, "testset_same_acc": [[true, 0.8407599925994873, 0.8407599925994873], [true, 0.8513200283050537, 0.8513200283050537], [true, 0.843559980392456, 0.843559980392456], [true, 0.8444399833679199, 0.8444399833679199], [true, 0.8481199741363525, 0.8481199741363525]], "trainset_same_acc": [[true, 0.9997199773788452, 0.9997199773788452], [true, 0.9999600052833557, 0.9999600052833557], [true, 0.9986400008201599, 0.9986400008201599], [true, 0.9999200105667114, 0.9999200105667114], [true, 0.9999200105667114, 0.9999200105667114]]}