{"training_time": 331.78522169869393, "total_time": 766.2434305259958, "eval_time": 434.45820882730186, "test_loss": 1.1788970232009888, "test_acc": 0.8513200283050537, "train_loss": 0.0007479346240870655, "train_acc": 0.9999600052833557, "seed": 1850616268}