{"training_time": 357.9218211499974, "total_time": 825.2096936721355, "eval_time": 467.28787252213806, "test_loss": 1.2250337600708008, "test_acc": 0.8407599925994873, "train_loss": 0.0025994600728154182, "train_acc": 0.9997199773788452, "seed": 287426343}