{"training_time": 331.41768773831427, "total_time": 767.5177493635565, "eval_time": 436.10006162524223, "test_loss": 0.906388521194458, "test_acc": 0.843559980392456, "train_loss": 0.007206485141068697, "train_acc": 0.9986400008201599, "seed": 2068338201}