{"training_time": 333.0626751985401, "total_time": 787.9578424915671, "eval_time": 454.89516729302704, "test_loss": 1.2101325988769531, "test_acc": 0.8444399833679199, "train_loss": 0.001062680152244866, "train_acc": 0.9999200105667114, "seed": 1202616822}