{"training_time": 337.2392644556239, "total_time": 873.8895976850763, "eval_time": 536.6503332294524, "test_loss": 1.072113037109375, "test_acc": 0.8481199741363525, "train_loss": 0.0011775755556300282, "train_acc": 0.9999200105667114, "seed": 868822724}