{"test": [44.22701858449727, 43.930714080808684, 44.008447852218524, 44.25793718127534, 44.077963278628886], "test_average": 44.10041619548574, "train": [44.228088688338175, 43.88953188084997, 43.82938069105148, 44.37334921769798, 43.99642766802572], "train_average": 44.063355629192664, "testset_same_acc": [[true, 0.8552799820899963, 0.8552799820899963], [true, 0.8429999947547913, 0.8429999947547913], [true, 0.8489199876785278, 0.8489199876785278], [true, 0.849560022354126, 0.849560022354126], [true, 0.8511199951171875, 0.8511199951171875]], "trainset_same_acc": [[true, 0.9887199997901917, 0.9887199997901917], [true, 0.9994000196456909, 0.9994000196456909], [true, 0.9993199706077576, 0.9993199706077576], [true, 0.9946399927139282, 0.9946399927139282], [true, 0.9998800158500671, 0.9998800158500671]]}