{"test": [44.29482604772784, 44.61440824624151, 44.34038080694154, 43.88983111199923, 44.282521995482966], "test_average": 44.28439364167862, "train": [44.24745850567706, 44.42454247013666, 44.116320124361664, 44.12431845860556, 44.032873845426366], "train_average": 44.18910268084146, "testset_same_acc": [[true, 0.8552799820899963, 0.8552799820899963], [true, 0.8429999947547913, 0.8429999947547913], [true, 0.8489199876785278, 0.8489199876785278], [true, 0.849560022354126, 0.849560022354126], [true, 0.8511199951171875, 0.8511199951171875]], "trainset_same_acc": [[true, 0.9887199997901917, 0.9887199997901917], [true, 0.9994000196456909, 0.9994000196456909], [true, 0.9993199706077576, 0.9993199706077576], [true, 0.9946399927139282, 0.9946399927139282], [true, 0.9998800158500671, 0.9998800158500671]]}