{"test": [7.5210735108703375, 7.585416918853298, 7.6044467352330685, 7.6394995879381895, 7.658303033327684], "test_average": 7.601747957244515, "train": [7.575490477727726, 7.593384606298059, 7.623311963165179, 7.589914126088843, 7.639559984672815], "train_average": 7.604332231590524, "testset_same_acc": [[true, 0.8552799820899963, 0.8552799820899963], [true, 0.8429999947547913, 0.8429999947547913], [true, 0.8489199876785278, 0.8489199876785278], [true, 0.849560022354126, 0.849560022354126], [true, 0.8511199951171875, 0.8511199951171875]], "trainset_same_acc": [[true, 0.9887199997901917, 0.9887199997901917], [true, 0.9994000196456909, 0.9994000196456909], [true, 0.9993199706077576, 0.9993199706077576], [true, 0.9946399927139282, 0.9946399927139282], [true, 0.9998800158500671, 0.9998800158500671]]}