{"test": [7.652031413279474, 7.647190242772922, 7.681777835357934, 7.6800084742717445, 7.694504453102127], "test_average": 7.67110248375684, "train": [7.684887655777857, 7.700261166319251, 7.649004438659176, 7.67087098932825, 7.6196786761283875], "train_average": 7.664940585242585, "testset_same_acc": [[true, 0.8552799820899963, 0.8552799820899963], [true, 0.8429999947547913, 0.8429999947547913], [true, 0.8489199876785278, 0.8489199876785278], [true, 0.849560022354126, 0.849560022354126], [true, 0.8511199951171875, 0.8511199951171875]], "trainset_same_acc": [[true, 0.9887199997901917, 0.9887199997901917], [true, 0.9994000196456909, 0.9994000196456909], [true, 0.9993199706077576, 0.9993199706077576], [true, 0.9946399927139282, 0.9946399927139282], [true, 0.9998800158500671, 0.9998800158500671]]}