{"training_time": 1411.6033797850832, "total_time": 4053.600001947023, "eval_time": 2641.9966221619397, "test_loss": 0.5508406758308411, "test_acc": 0.8552799820899963, "train_loss": 0.0359872505068779, "train_acc": 0.9887199997901917, "seed": 287426343}