{"training_time": 1354.2509506968781, "total_time": 3953.1158607769758, "eval_time": 2598.8649100800976, "test_loss": 0.832074761390686, "test_acc": 0.8489199876785278, "train_loss": 0.00530204176902771, "train_acc": 0.9993199706077576, "seed": 2068338201}