{"training_time": 1302.3888420751318, "total_time": 3813.9141427874565, "eval_time": 2511.5253007123247, "test_loss": 0.9672248363494873, "test_acc": 0.8511199951171875, "train_loss": 0.0016349514480680227, "train_acc": 0.9998800158500671, "seed": 868822724}