{"training_time": 1290.3664439553395, "total_time": 3781.893362210132, "eval_time": 2491.5269182547927, "test_loss": 0.8265219330787659, "test_acc": 0.849560022354126, "train_loss": 0.014847245067358017, "train_acc": 0.9946399927139282, "seed": 1202616822}