{"training_time": 1643.9813877940178, "total_time": 4955.627557790838, "eval_time": 3311.6461699968204, "test_loss": 0.980445384979248, "test_acc": 0.8429999947547913, "train_loss": 0.004868629854172468, "train_acc": 0.9994000196456909, "seed": 1850616268}