{"test": [0.2849296177737415, 0.2825544746592641, 0.27794287097640336, 0.28133913641795516, 0.2795385606586933], "test_average": 0.2812609320972115, "train": [1.4652573650237173, 1.468068385263905, 1.4724151340778917, 1.4668546130415052, 1.4714203150942922], "train_average": 1.4688031625002622, "testset_same_acc": [[true, 0.9889000058174133, 0.9889000058174133], [true, 0.9894000291824341, 0.9894000291824341], [true, 0.9897000193595886, 0.9897000193595886], [true, 0.9894999861717224, 0.9894999861717224], [true, 0.9890999794006348, 0.9890999794006348]], "trainset_same_acc": [[true, 1.0, 1.0], [true, 1.0, 1.0], [true, 1.0, 1.0], [true, 1.0, 1.0], [true, 1.0, 1.0]]}