{"test": [0.6820610975846648, 0.6803916618227959, 0.69250662997365, 0.6791245019994676, 0.685960166156292], "test_average": 0.684008811507374, "train": [3.8460992705076933, 3.830736991716549, 3.8787891594693065, 3.8567510317079723, 3.8409674200229347], "train_average": 3.850668774684891, "testset_same_acc": [[true, 0.9889000058174133, 0.9889000058174133], [true, 0.9894000291824341, 0.9894000291824341], [true, 0.9897000193595886, 0.9897000193595886], [true, 0.9894999861717224, 0.9894999861717224], [true, 0.9890999794006348, 0.9890999794006348]], "trainset_same_acc": [[true, 1.0, 1.0], [true, 1.0, 1.0], [true, 1.0, 1.0], [true, 1.0, 1.0], [true, 1.0, 1.0]]}