{"test": [0.6856175367720425, 0.6854151056613773, 0.6878588295076042, 0.6800780124031007, 0.6768844423349947], "test_average": 0.6831707853358239, "train": [3.851379859726876, 3.847511501982808, 3.84577764919959, 3.6286300560459495, 3.820889274124056], "train_average": 3.798837668215856, "testset_same_acc": [[true, 0.9889000058174133, 0.9889000058174133], [true, 0.9894000291824341, 0.9894000291824341], [true, 0.9897000193595886, 0.9897000193595886], [true, 0.9894999861717224, 0.9894999861717224], [true, 0.9890999794006348, 0.9890999794006348]], "trainset_same_acc": [[true, 1.0, 1.0], [true, 1.0, 1.0], [true, 1.0, 1.0], [true, 1.0, 1.0], [true, 1.0, 1.0]]}