{"test": [0.28052293020300567, 0.2840030291117728, 0.28367338818497956, 0.2829897762276232, 0.2752799515146762], "test_average": 0.2812938150484115, "train": [1.4771162662655115, 1.4689211284276098, 1.4687563569750637, 1.4700871724635363, 1.4656540239229798], "train_average": 1.4701069896109402, "testset_same_acc": [[true, 0.9889000058174133, 0.9889000058174133], [true, 0.9894000291824341, 0.9894000291824341], [true, 0.9897000193595886, 0.9897000193595886], [true, 0.9894999861717224, 0.9894999861717224], [true, 0.9890999794006348, 0.9890999794006348]], "trainset_same_acc": [[true, 1.0, 1.0], [true, 1.0, 1.0], [true, 1.0, 1.0], [true, 1.0, 1.0], [true, 1.0, 1.0]]}