{"training_time": 267.81001583486795, "total_time": 1019.3219819925725, "eval_time": 751.5119661577046, "test_loss": 0.03559484705328941, "test_acc": 0.9897000193595886, "train_loss": 0.0003654859319794923, "train_acc": 1.0, "seed": 2068338201}