{"training_time": 271.2530677737668, "total_time": 1004.4085814254358, "eval_time": 733.155513651669, "test_loss": 0.04472249001264572, "test_acc": 0.9890999794006348, "train_loss": 0.0003767803718801588, "train_acc": 1.0, "seed": 868822724}