{"training_time": 265.1443749051541, "total_time": 1004.8092634556815, "eval_time": 739.6648885505274, "test_loss": 0.04092123731970787, "test_acc": 0.9894999861717224, "train_loss": 0.00035879918141290545, "train_acc": 1.0, "seed": 1202616822}