{"training_time": 267.76504104956985, "total_time": 1015.581514059566, "eval_time": 747.8164730099961, "test_loss": 0.03980689495801926, "test_acc": 0.9894000291824341, "train_loss": 0.00036773300962522626, "train_acc": 1.0, "seed": 1850616268}