{"training_time": 357.23630041163415, "total_time": 1450.2363300379366, "eval_time": 1093.0000296263024, "test_loss": 0.04176635295152664, "test_acc": 0.9889000058174133, "train_loss": 0.0003885870100930333, "train_acc": 1.0, "seed": 287426343}