{"test": [0.8456464579794556, 0.84889355301857, 0.8815059142652899, 0.8691329618450254, 0.8620407367125154], "test_average": 0.8614439247641712, "train": [4.875825562048703, 5.00672989548184, 4.770039919996634, 4.822808009106666, 4.182244181865826], "train_average": 4.731529513699934, "testset_same_acc": [[true, 0.9865999817848206, 0.9865999817848206], [true, 0.9878000020980835, 0.9878000020980835], [true, 0.9866999983787537, 0.9866999983787537], [true, 0.9876999855041504, 0.9876999855041504], [true, 0.9872000217437744, 0.9872000217437744]], "trainset_same_acc": [[true, 0.9973666667938232, 0.9973666667938232], [true, 0.9974666833877563, 0.9974666833877563], [true, 0.9968500137329102, 0.9968500137329102], [true, 0.9979000091552734, 0.9979000091552734], [true, 0.9973999857902527, 0.9973999857902527]]}