{"test": [0.2536352723836899, 0.25739799509756267, 0.25939486804418266, 0.25415961584076285, 0.2504409190732986], "test_average": 0.25500573408789934, "train": [1.3052240137476474, 1.3034798654261976, 1.3024339750409126, 1.3024399189744145, 1.3078100874554366], "train_average": 1.3042775721289217, "testset_same_acc": [[true, 0.9865999817848206, 0.9865999817848206], [true, 0.9878000020980835, 0.9878000020980835], [true, 0.9866999983787537, 0.9866999983787537], [true, 0.9876999855041504, 0.9876999855041504], [true, 0.9872000217437744, 0.9872000217437744]], "trainset_same_acc": [[true, 0.9973666667938232, 0.9973666667938232], [true, 0.9974666833877563, 0.9974666833877563], [true, 0.9968500137329102, 0.9968500137329102], [true, 0.9979000091552734, 0.9979000091552734], [true, 0.9973999857902527, 0.9973999857902527]]}