{"test": [0.8578321849927306, 0.8349432363174856, 0.8484589750878513, 0.8329676520079374, 0.8563888354692608], "test_average": 0.8461181767750532, "train": [4.645997153129429, 4.877805456053466, 4.94286990724504, 4.91023320145905, 4.789466657908633], "train_average": 4.833274475159124, "testset_same_acc": [[true, 0.9865999817848206, 0.9865999817848206], [true, 0.9878000020980835, 0.9878000020980835], [true, 0.9866999983787537, 0.9866999983787537], [true, 0.9876999855041504, 0.9876999855041504], [true, 0.9872000217437744, 0.9872000217437744]], "trainset_same_acc": [[true, 0.9973666667938232, 0.9973666667938232], [true, 0.9974666833877563, 0.9974666833877563], [true, 0.9968500137329102, 0.9968500137329102], [true, 0.9979000091552734, 0.9979000091552734], [true, 0.9973999857902527, 0.9973999857902527]]}