{"test": [0.25531957019120455, 0.2511805791873485, 0.2520164556335658, 0.25196630298160017, 0.2567458145786077], "test_average": 0.25344574451446533, "train": [1.3147656621877104, 1.3010102326516062, 1.3099708186928183, 1.3061324493028224, 1.316243919543922], "train_average": 1.3096246164757759, "testset_same_acc": [[true, 0.9865999817848206, 0.9865999817848206], [true, 0.9878000020980835, 0.9878000020980835], [true, 0.9866999983787537, 0.9866999983787537], [true, 0.9876999855041504, 0.9876999855041504], [true, 0.9872000217437744, 0.9872000217437744]], "trainset_same_acc": [[true, 0.9973666667938232, 0.9973666667938232], [true, 0.9974666833877563, 0.9974666833877563], [true, 0.9968500137329102, 0.9968500137329102], [true, 0.9979000091552734, 0.9979000091552734], [true, 0.9973999857902527, 0.9973999857902527]]}