{"training_time": 233.32400663383305, "total_time": 975.398754185997, "eval_time": 742.0747475521639, "test_loss": 0.03816172480583191, "test_acc": 0.9872000217437744, "train_loss": 0.012399439699947834, "train_acc": 0.9973999857902527, "seed": 868822724}