{"training_time": 221.14110644999892, "total_time": 893.1366846570745, "eval_time": 671.9955782070756, "test_loss": 0.04025527089834213, "test_acc": 0.9866999983787537, "train_loss": 0.013605336658656597, "train_acc": 0.9968500137329102, "seed": 2068338201}