{"training_time": 291.2514894725755, "total_time": 1329.6420901045203, "eval_time": 1038.3906006319448, "test_loss": 0.038877952843904495, "test_acc": 0.9865999817848206, "train_loss": 0.01346846017986536, "train_acc": 0.9973666667938232, "seed": 287426343}