{"training_time": 221.6537874955684, "total_time": 904.7052669143304, "eval_time": 683.051479418762, "test_loss": 0.03828961029648781, "test_acc": 0.9876999855041504, "train_loss": 0.012291135266423225, "train_acc": 0.9979000091552734, "seed": 1202616822}