{"training_time": 222.09142881911248, "total_time": 901.9687902489677, "eval_time": 679.8773614298552, "test_loss": 0.038884904235601425, "test_acc": 0.9878000020980835, "train_loss": 0.012593752704560757, "train_acc": 0.9974666833877563, "seed": 1850616268}