{"test": [3.7986825921107084, 3.8707681354135275, 3.8631974956952035, 3.8702278982382268, 3.8733243285678327], "test_average": 3.8552400900050996, "train": [3.8294488152023405, 3.8455713151488453, 3.8733477510977536, 3.8946309227030724, 3.8766454150900245], "train_average": 3.863928843848407, "testset_same_acc": [[true, 0.8343200087547302, 0.8343200087547302], [true, 0.8412799835205078, 0.8412799835205078], [true, 0.8447200059890747, 0.8447200059890747], [true, 0.8392400145530701, 0.8392400145530701], [true, 0.8410400152206421, 0.8410400152206421]], "trainset_same_acc": [[true, 0.9885600209236145, 0.9885600209236145], [true, 0.9956799745559692, 0.9956799745559692], [true, 0.9947999715805054, 0.9947999715805054], [true, 0.9962000250816345, 0.9962000250816345], [true, 0.9955599904060364, 0.9955599904060364]]}