{"test": [62.48317881836556, 62.21732557378709, 61.9481120640412, 62.075222755549476, 62.16981232399121], "test_average": 62.17873030714691, "train": [62.18422211590223, 62.10137115512043, 62.12458914355375, 62.06323794159107, 61.91156699741259], "train_average": 62.076997470716016, "testset_same_acc": [[true, 0.8343200087547302, 0.8343200087547302], [true, 0.8412799835205078, 0.8412799835205078], [true, 0.8447200059890747, 0.8447200059890747], [true, 0.8392400145530701, 0.8392400145530701], [true, 0.8410400152206421, 0.8410400152206421]], "trainset_same_acc": [[true, 0.9885600209236145, 0.9885600209236145], [true, 0.9956799745559692, 0.9956799745559692], [true, 0.9947999715805054, 0.9947999715805054], [true, 0.9962000250816345, 0.9962000250816345], [true, 0.9955599904060364, 0.9955599904060364]]}