{"test": [62.01468363474123, 61.86419977294281, 61.964285370195284, 62.165016126818955, 61.82494218880311], "test_average": 61.966625418700275, "train": [62.01743778726086, 61.713564524194226, 61.90452983719297, 61.9011908438988, 61.861446261173114], "train_average": 61.87963385074399, "testset_same_acc": [[true, 0.8343200087547302, 0.8343200087547302], [true, 0.8412799835205078, 0.8412799835205078], [true, 0.8447200059890747, 0.8447200059890747], [true, 0.8392400145530701, 0.8392400145530701], [true, 0.8410400152206421, 0.8410400152206421]], "trainset_same_acc": [[true, 0.9885600209236145, 0.9885600209236145], [true, 0.9956799745559692, 0.9956799745559692], [true, 0.9947999715805054, 0.9947999715805054], [true, 0.9962000250816345, 0.9962000250816345], [true, 0.9955599904060364, 0.9955599904060364]]}