{"test": [3.868410465074703, 3.8972365553490818, 3.9142497170250863, 3.96215853583999, 3.8753879792056978], "test_average": 3.903488650498912, "train": [3.898684300482273, 3.8935473798774183, 3.9013408420141786, 3.8904645177535713, 3.9058576417155564], "train_average": 3.8979789363685997, "testset_same_acc": [[true, 0.8343200087547302, 0.8343200087547302], [true, 0.8412799835205078, 0.8412799835205078], [true, 0.8447200059890747, 0.8447200059890747], [true, 0.8392400145530701, 0.8392400145530701], [true, 0.8410400152206421, 0.8410400152206421]], "trainset_same_acc": [[true, 0.9885600209236145, 0.9885600209236145], [true, 0.9956799745559692, 0.9956799745559692], [true, 0.9947999715805054, 0.9947999715805054], [true, 0.9962000250816345, 0.9962000250816345], [true, 0.9955599904060364, 0.9955599904060364]]}