{"training_time": 385.9327441966161, "total_time": 1073.952510795556, "eval_time": 688.0197665989399, "test_loss": 0.5409603118896484, "test_acc": 0.8447200059890747, "train_loss": 0.033165156841278076, "train_acc": 0.9947999715805054, "seed": 2068338201}