{"training_time": 385.1779013471678, "total_time": 1072.2059363014996, "eval_time": 687.0280349543318, "test_loss": 0.6616914868354797, "test_acc": 0.8412799835205078, "train_loss": 0.025758197531104088, "train_acc": 0.9956799745559692, "seed": 1850616268}