{"training_time": 385.47948511876166, "total_time": 1072.897241617553, "eval_time": 687.4177564987913, "test_loss": 0.6879480481147766, "test_acc": 0.8392400145530701, "train_loss": 0.023847568780183792, "train_acc": 0.9962000250816345, "seed": 1202616822}