{"training_time": 388.4605539254844, "total_time": 1061.8448170628399, "eval_time": 673.3842631373554, "test_loss": 0.7954310178756714, "test_acc": 0.8343200087547302, "train_loss": 0.036792855709791183, "train_acc": 0.9885600209236145, "seed": 287426343}