{"training_time": 385.2271276945248, "total_time": 1072.593129365705, "eval_time": 687.3660016711801, "test_loss": 0.6633653044700623, "test_acc": 0.8410400152206421, "train_loss": 0.024544497951865196, "train_acc": 0.9955599904060364, "seed": 868822724}