{"test": [51.293865357059985, 51.65772910299711, 50.94444187544286, 50.614262951072305, 51.06638852972537], "test_average": 51.11533756325953, "train": [51.77734234347008, 50.643846144434065, 52.015183575917035, 51.36091467086226, 51.412368182558566], "train_average": 51.4419309834484, "testset_same_acc": [[true, 0.879, 0.879], [true, 0.87644, 0.87644], [true, 0.87856, 0.87856], [true, 0.883, 0.883], [true, 0.87948, 0.87948]], "trainset_same_acc": [[true, 0.99996, 0.99996], [true, 0.99936, 0.99936], [true, 1.0, 1.0], [true, 0.99992, 0.99992], [true, 1.0, 1.0]], "test_acc_stable": [true, true, true, true, true], "train_acc_stable": [true, true, true, true, true]}