{"test": [2.302596869878471, 2.305615762481466, 2.303496793843806, 2.306770832510665, 2.305350392824039], "test_average": 2.3047661303076894, "train": [2.3067854465916753, 2.3107539743650705, 2.3091359375976026, 2.311227940954268, 2.3091817169915885], "train_average": 2.309417003300041, "testset_same_acc": [[true, 0.879, 0.879], [true, 0.87644, 0.87644], [true, 0.87856, 0.87856], [true, 0.883, 0.883], [true, 0.87948, 0.87948]], "trainset_same_acc": [[true, 0.99996, 0.99996], [true, 0.99936, 0.99936], [true, 1.0, 1.0], [true, 0.99992, 0.99992], [true, 1.0, 1.0]], "test_acc_stable": [true, true, true, true, true], "train_acc_stable": [true, true, true, true, true]}