{"test": [49.58098274865188, 51.38640163745731, 51.505891176871955, 50.97373779583722, 50.959127398906276], "test_average": 50.88122815154493, "train": [50.69955525640398, 50.297024661209434, 50.90909789130092, 50.52690173126757, 50.599114530254155], "train_average": 50.60633881408721, "testset_same_acc": [[true, 0.879, 0.879], [true, 0.87644, 0.87644], [true, 0.87856, 0.87856], [true, 0.883, 0.883], [true, 0.87948, 0.87948]], "trainset_same_acc": [[true, 0.99996, 0.99996], [true, 0.99936, 0.99936], [true, 1.0, 1.0], [true, 0.99992, 0.99992], [true, 1.0, 1.0]], "test_acc_stable": [true, true, true, true, true], "train_acc_stable": [true, true, true, true, true]}