{"test": [2.2812409054022282, 2.2898199858609587, 2.302825826453045, 2.2998253961559385, 2.30601477320306], "test_average": 2.295945377415046, "train": [2.293310159118846, 2.2980411427561194, 2.306815074523911, 2.303899553604424, 2.311171304900199], "train_average": 2.3026474469807, "testset_same_acc": [[true, 0.879, 0.879], [true, 0.87644, 0.87644], [true, 0.87856, 0.87856], [true, 0.883, 0.883], [true, 0.87948, 0.87948]], "trainset_same_acc": [[true, 0.99996, 0.99996], [true, 0.99936, 0.99936], [true, 1.0, 1.0], [true, 0.99992, 0.99992], [true, 1.0, 1.0]], "test_acc_stable": [true, true, true, true, true], "train_acc_stable": [true, true, true, true, true]}