{"training_time": 213.52856339793652, "total_time": 354.0236864760518, "eval_time": 140.49512307811528, "test_acc": 0.87856, "train_acc": 1.0, "seed": 2068338201}