{"training_time": 211.75549565255642, "total_time": 353.09323748666793, "eval_time": 141.3377418341115, "test_acc": 0.879, "train_acc": 0.99996, "seed": 287426343}