{"training_time": 215.56798150390387, "total_time": 356.1100302860141, "eval_time": 140.54204878211021, "test_acc": 0.87948, "train_acc": 1.0, "seed": 868822724}