{"training_time": 213.76741341874003, "total_time": 354.1362619102001, "eval_time": 140.36884849146008, "test_acc": 0.883, "train_acc": 0.99992, "seed": 1202616822}