{"training_time": 212.04726075939834, "total_time": 352.2091365084052, "eval_time": 140.16187574900687, "test_acc": 0.87644, "train_acc": 0.99936, "seed": 1850616268}