{"test": [67.73829648946412, 68.17529142042622, 67.96647642087191, 67.32717037713155, 67.25635142694227], "test_average": 67.69271722696722, "train": [66.78497246629559, 66.66027635941282, 66.60559178516269, 67.43381849490106, 67.4591875760816], "train_average": 66.98876933637075, "testset_same_acc": [[true, 0.86208, 0.86208], [true, 0.85816, 0.85816], [true, 0.87668, 0.87668], [true, 0.8708, 0.8708], [true, 0.864, 0.864]], "trainset_same_acc": [[true, 0.9414, 0.9414], [true, 0.93604, 0.93604], [true, 0.96892, 0.96892], [true, 0.96156, 0.96156], [true, 0.93996, 0.93996]], "test_acc_stable": [true, true, true, true, true], "train_acc_stable": [true, true, true, true, true]}