{"test": [2.456835279939696, 2.491913934936747, 2.5228054290637374, 2.5339550545904785, 2.5482412634883076], "test_average": 2.510750192403793, "train": [2.475757912034169, 2.5127594110090286, 2.5360433575697243, 2.5449656604323536, 2.556364816147834], "train_average": 2.525178231438622, "testset_same_acc": [[true, 0.86208, 0.86208], [true, 0.85816, 0.85816], [true, 0.87668, 0.87668], [true, 0.8708, 0.8708], [true, 0.864, 0.864]], "trainset_same_acc": [[true, 0.9414, 0.9414], [true, 0.93604, 0.93604], [true, 0.96892, 0.96892], [true, 0.96156, 0.96156], [true, 0.93996, 0.93996]], "test_acc_stable": [true, true, true, true, true], "train_acc_stable": [true, true, true, true, true]}