{"test": [2.550443427171558, 2.5629901154898107, 2.564585300395265, 2.5705043564084917, 2.569602167699486], "test_average": 2.5636250734329225, "train": [2.5641522225923836, 2.5691636875271797, 2.572050637565553, 2.5773026668466628, 2.5773455379530787], "train_average": 2.5720029504969717, "testset_same_acc": [[true, 0.86208, 0.86208], [true, 0.85816, 0.85816], [true, 0.87668, 0.87668], [true, 0.8708, 0.8708], [true, 0.864, 0.864]], "trainset_same_acc": [[true, 0.9414, 0.9414], [true, 0.93604, 0.93604], [true, 0.96892, 0.96892], [true, 0.96156, 0.96156], [true, 0.93996, 0.93996]], "test_acc_stable": [true, true, true, true, true], "train_acc_stable": [true, true, true, true, true]}