{"test": [66.58479544264264, 68.34335344284773, 66.86727236583829, 67.42900935118087, 66.47714232467115], "test_average": 67.14031458543613, "train": [67.57414296129718, 68.19702630396932, 67.19317541457713, 66.55068228091113, 67.78246924490668], "train_average": 67.45949924113229, "testset_same_acc": [[true, 0.86208, 0.86208], [true, 0.85816, 0.85816], [true, 0.87668, 0.87668], [true, 0.8708, 0.8708], [true, 0.864, 0.864]], "trainset_same_acc": [[true, 0.9414, 0.9414], [true, 0.93604, 0.93604], [true, 0.96892, 0.96892], [true, 0.96156, 0.96156], [true, 0.93996, 0.93996]], "test_acc_stable": [true, true, true, true, true], "train_acc_stable": [true, true, true, true, true]}