{"training_time": 275.27561067044735, "total_time": 444.7528876392171, "eval_time": 169.47727696876973, "test_acc": 0.86208, "train_acc": 0.9414, "seed": 287426343}