{"training_time": 273.24894310254604, "total_time": 436.80806467682123, "eval_time": 163.5591215742752, "test_acc": 0.8708, "train_acc": 0.96156, "seed": 1202616822}