{"training_time": 272.4004183653742, "total_time": 436.6242259470746, "eval_time": 164.22380758170038, "test_acc": 0.864, "train_acc": 0.93996, "seed": 868822724}