{"training_time": 275.2867554370314, "total_time": 433.1186830531806, "eval_time": 157.8319276161492, "test_acc": 0.87668, "train_acc": 0.96892, "seed": 2068338201}