{"training_time": 273.63425507675856, "total_time": 431.6289697466418, "eval_time": 157.99471466988325, "test_acc": 0.85816, "train_acc": 0.93604, "seed": 1850616268}