{"test": [0.6060810650233179, 0.603623908944428, 0.6057326104491949, 0.603938601911068, 0.6012337431311607], "test_average": 0.6041219858918339, "train": [3.6230918851215392, 3.622076305327937, 3.635444587562233, 3.6394917618017644, 3.639752850634977], "train_average": 3.63197147808969, "testset_same_acc": [[true, 0.9897, 0.9897], [true, 0.9897, 0.9897], [true, 0.9897, 0.9897], [true, 0.9897, 0.9897], [true, 0.9898, 0.9898]], "trainset_same_acc": [[true, 1.0, 1.0], [true, 1.0, 1.0], [true, 1.0, 1.0], [true, 1.0, 1.0], [true, 1.0, 1.0]], "test_acc_stable": [true, true, true, true, true], "train_acc_stable": [true, true, true, true, true]}