{"test": [0.9581971317529678, 0.8665457181632519, 0.9259389904327691, 0.938288982026279, 1.1001646283548325], "test_average": 0.9578270901460201, "train": [5.874059981433675, 6.384638122282922, 6.033779616933316, 6.413796989247203, 6.932358917081729], "train_average": 6.3277267253957685, "testset_same_acc": [[true, 0.098, 0.098], [true, 0.9897, 0.9897], [true, 0.9897, 0.9897], [true, 0.9897, 0.9897], [true, 0.9898, 0.9898]], "trainset_same_acc": [[true, 0.09871666666666666, 0.09871666666666666], [true, 1.0, 1.0], [true, 1.0, 1.0], [true, 1.0, 1.0], [true, 1.0, 1.0]], "test_acc_stable": [true, true, true, true, true], "train_acc_stable": [true, true, true, true, true]}