{"test": [0.6035945375915617, 0.602271031588316, 0.602899739285931, 0.608126949518919, 0.6080374855082482], "test_average": 0.6049859486985951, "train": [3.6218248680233955, 3.636982091702521, 3.633561991387978, 3.6412741525564343, 3.6336036194115877], "train_average": 3.633449344616383, "testset_same_acc": [[true, 0.9897, 0.9897], [true, 0.9897, 0.9897], [true, 0.9897, 0.9897], [true, 0.9897, 0.9897], [true, 0.9898, 0.9898]], "trainset_same_acc": [[true, 1.0, 1.0], [true, 1.0, 1.0], [true, 1.0, 1.0], [true, 1.0, 1.0], [true, 1.0, 1.0]], "test_acc_stable": [true, true, true, true, true], "train_acc_stable": [true, true, true, true, true]}