{"test": [1.1926036172080785, 0.9341235226020217, 1.2279019576963037, 0.8250225968658924, 1.1658776823896915], "test_average": 1.0691058753523976, "train": [6.620420588646084, 5.593707763124257, 5.632068219827488, 5.5806808362249285, 5.616985991131514], "train_average": 5.808772679790854, "testset_same_acc": [[true, 0.098, 0.098], [true, 0.9897, 0.9897], [true, 0.9897, 0.9897], [true, 0.9897, 0.9897], [true, 0.9898, 0.9898]], "trainset_same_acc": [[true, 0.09871666666666666, 0.09871666666666666], [true, 1.0, 1.0], [true, 1.0, 1.0], [true, 1.0, 1.0], [true, 1.0, 1.0]], "test_acc_stable": [true, true, true, true, true], "train_acc_stable": [true, true, true, true, true]}