{"training_time": 1048.0539668984711, "total_time": 2092.3929468821734, "eval_time": 1044.3389799837023, "test_acc": 0.9897, "train_acc": 1.0, "seed": 1202616822}