{"training_time": 1069.169159094803, "total_time": 1938.3608280522749, "eval_time": 869.1916689574718, "test_acc": 0.9897, "train_acc": 1.0, "seed": 287426343}