{"training_time": 1051.4395959079266, "total_time": 2090.0763676753268, "eval_time": 1038.6367717674002, "test_acc": 0.9897, "train_acc": 1.0, "seed": 2068338201}