{"training_time": 1169.3758127940819, "total_time": 2096.1950882440433, "eval_time": 926.8192754499614, "test_acc": 0.9897, "train_acc": 1.0, "seed": 1850616268}