{"training_time": 1052.1096372380853, "total_time": 2090.005598368123, "eval_time": 1037.895961130038, "test_acc": 0.9898, "train_acc": 1.0, "seed": 868822724}